PRAGMA foreign_keys=OFF;
BEGIN TRANSACTION;
CREATE TABLE IF NOT EXISTS "django_migrations" ("id" integer NOT NULL PRIMARY KEY AUTOINCREMENT, "app" varchar(255) NOT NULL, "name" varchar(255) NOT NULL, "applied" datetime NOT NULL);
INSERT INTO django_migrations VALUES(1,'contenttypes','0001_initial','2026-04-17 10:04:06.899304');
INSERT INTO django_migrations VALUES(2,'auth','0001_initial','2026-04-17 10:04:06.995843');
INSERT INTO django_migrations VALUES(3,'admin','0001_initial','2026-04-17 10:04:07.048968');
INSERT INTO django_migrations VALUES(4,'admin','0002_logentry_remove_auto_add','2026-04-17 10:04:07.115360');
INSERT INTO django_migrations VALUES(5,'admin','0003_logentry_add_action_flag_choices','2026-04-17 10:04:07.157989');
INSERT INTO django_migrations VALUES(6,'contenttypes','0002_remove_content_type_name','2026-04-17 10:04:07.246058');
INSERT INTO django_migrations VALUES(7,'auth','0002_alter_permission_name_max_length','2026-04-17 10:04:07.313572');
INSERT INTO django_migrations VALUES(8,'auth','0003_alter_user_email_max_length','2026-04-17 10:04:07.366436');
INSERT INTO django_migrations VALUES(9,'auth','0004_alter_user_username_opts','2026-04-17 10:04:07.415577');
INSERT INTO django_migrations VALUES(10,'auth','0005_alter_user_last_login_null','2026-04-17 10:04:07.490037');
INSERT INTO django_migrations VALUES(11,'auth','0006_require_contenttypes_0002','2026-04-17 10:04:07.500340');
INSERT INTO django_migrations VALUES(12,'auth','0007_alter_validators_add_error_messages','2026-04-17 10:04:07.564206');
INSERT INTO django_migrations VALUES(13,'auth','0008_alter_user_username_max_length','2026-04-17 10:04:07.631570');
INSERT INTO django_migrations VALUES(14,'auth','0009_alter_user_last_name_max_length','2026-04-17 10:04:07.687764');
INSERT INTO django_migrations VALUES(15,'auth','0010_alter_group_name_max_length','2026-04-17 10:04:07.763822');
INSERT INTO django_migrations VALUES(16,'auth','0011_update_proxy_permissions','2026-04-17 10:04:07.814014');
INSERT INTO django_migrations VALUES(17,'auth','0012_alter_user_first_name_max_length','2026-04-17 10:04:07.894604');
INSERT INTO django_migrations VALUES(18,'sessions','0001_initial','2026-04-17 10:04:07.927034');
INSERT INTO django_migrations VALUES(19,'tasks','0001_initial','2026-04-17 10:04:08.023803');
CREATE TABLE IF NOT EXISTS "auth_group_permissions" ("id" integer NOT NULL PRIMARY KEY AUTOINCREMENT, "group_id" integer NOT NULL REFERENCES "auth_group" ("id") DEFERRABLE INITIALLY DEFERRED, "permission_id" integer NOT NULL REFERENCES "auth_permission" ("id") DEFERRABLE INITIALLY DEFERRED);
CREATE TABLE IF NOT EXISTS "auth_user_groups" ("id" integer NOT NULL PRIMARY KEY AUTOINCREMENT, "user_id" integer NOT NULL REFERENCES "auth_user" ("id") DEFERRABLE INITIALLY DEFERRED, "group_id" integer NOT NULL REFERENCES "auth_group" ("id") DEFERRABLE INITIALLY DEFERRED);
CREATE TABLE IF NOT EXISTS "auth_user_user_permissions" ("id" integer NOT NULL PRIMARY KEY AUTOINCREMENT, "user_id" integer NOT NULL REFERENCES "auth_user" ("id") DEFERRABLE INITIALLY DEFERRED, "permission_id" integer NOT NULL REFERENCES "auth_permission" ("id") DEFERRABLE INITIALLY DEFERRED);
CREATE TABLE IF NOT EXISTS "django_admin_log" ("id" integer NOT NULL PRIMARY KEY AUTOINCREMENT, "object_id" text NULL, "object_repr" varchar(200) NOT NULL, "action_flag" smallint unsigned NOT NULL CHECK ("action_flag" >= 0), "change_message" text NOT NULL, "content_type_id" integer NULL REFERENCES "django_content_type" ("id") DEFERRABLE INITIALLY DEFERRED, "user_id" integer NOT NULL REFERENCES "auth_user" ("id") DEFERRABLE INITIALLY DEFERRED, "action_time" datetime NOT NULL);
INSERT INTO django_admin_log VALUES(1,'15','VNG-CF5792CE - check_status',3,'',7,1,'2026-04-17 10:15:48.315818');
CREATE TABLE IF NOT EXISTS "django_content_type" ("id" integer NOT NULL PRIMARY KEY AUTOINCREMENT, "app_label" varchar(100) NOT NULL, "model" varchar(100) NOT NULL);
INSERT INTO django_content_type VALUES(1,'admin','logentry');
INSERT INTO django_content_type VALUES(2,'auth','permission');
INSERT INTO django_content_type VALUES(3,'auth','group');
INSERT INTO django_content_type VALUES(4,'auth','user');
INSERT INTO django_content_type VALUES(5,'contenttypes','contenttype');
INSERT INTO django_content_type VALUES(6,'sessions','session');
INSERT INTO django_content_type VALUES(7,'tasks','task');
INSERT INTO django_content_type VALUES(8,'tasks','statushistory');
INSERT INTO django_content_type VALUES(9,'tasks','taskmessage');
INSERT INTO django_content_type VALUES(10,'tasks','taskstep');
CREATE TABLE IF NOT EXISTS "auth_permission" ("id" integer NOT NULL PRIMARY KEY AUTOINCREMENT, "content_type_id" integer NOT NULL REFERENCES "django_content_type" ("id") DEFERRABLE INITIALLY DEFERRED, "codename" varchar(100) NOT NULL, "name" varchar(255) NOT NULL);
INSERT INTO auth_permission VALUES(1,1,'add_logentry','Can add log entry');
INSERT INTO auth_permission VALUES(2,1,'change_logentry','Can change log entry');
INSERT INTO auth_permission VALUES(3,1,'delete_logentry','Can delete log entry');
INSERT INTO auth_permission VALUES(4,1,'view_logentry','Can view log entry');
INSERT INTO auth_permission VALUES(5,2,'add_permission','Can add permission');
INSERT INTO auth_permission VALUES(6,2,'change_permission','Can change permission');
INSERT INTO auth_permission VALUES(7,2,'delete_permission','Can delete permission');
INSERT INTO auth_permission VALUES(8,2,'view_permission','Can view permission');
INSERT INTO auth_permission VALUES(9,3,'add_group','Can add group');
INSERT INTO auth_permission VALUES(10,3,'change_group','Can change group');
INSERT INTO auth_permission VALUES(11,3,'delete_group','Can delete group');
INSERT INTO auth_permission VALUES(12,3,'view_group','Can view group');
INSERT INTO auth_permission VALUES(13,4,'add_user','Can add user');
INSERT INTO auth_permission VALUES(14,4,'change_user','Can change user');
INSERT INTO auth_permission VALUES(15,4,'delete_user','Can delete user');
INSERT INTO auth_permission VALUES(16,4,'view_user','Can view user');
INSERT INTO auth_permission VALUES(17,5,'add_contenttype','Can add content type');
INSERT INTO auth_permission VALUES(18,5,'change_contenttype','Can change content type');
INSERT INTO auth_permission VALUES(19,5,'delete_contenttype','Can delete content type');
INSERT INTO auth_permission VALUES(20,5,'view_contenttype','Can view content type');
INSERT INTO auth_permission VALUES(21,6,'add_session','Can add session');
INSERT INTO auth_permission VALUES(22,6,'change_session','Can change session');
INSERT INTO auth_permission VALUES(23,6,'delete_session','Can delete session');
INSERT INTO auth_permission VALUES(24,6,'view_session','Can view session');
INSERT INTO auth_permission VALUES(25,7,'add_task','Can add task');
INSERT INTO auth_permission VALUES(26,7,'change_task','Can change task');
INSERT INTO auth_permission VALUES(27,7,'delete_task','Can delete task');
INSERT INTO auth_permission VALUES(28,7,'view_task','Can view task');
INSERT INTO auth_permission VALUES(29,8,'add_statushistory','Can add status history');
INSERT INTO auth_permission VALUES(30,8,'change_statushistory','Can change status history');
INSERT INTO auth_permission VALUES(31,8,'delete_statushistory','Can delete status history');
INSERT INTO auth_permission VALUES(32,8,'view_statushistory','Can view status history');
INSERT INTO auth_permission VALUES(33,9,'add_taskmessage','Can add task message');
INSERT INTO auth_permission VALUES(34,9,'change_taskmessage','Can change task message');
INSERT INTO auth_permission VALUES(35,9,'delete_taskmessage','Can delete task message');
INSERT INTO auth_permission VALUES(36,9,'view_taskmessage','Can view task message');
INSERT INTO auth_permission VALUES(37,10,'add_taskstep','Can add task step');
INSERT INTO auth_permission VALUES(38,10,'change_taskstep','Can change task step');
INSERT INTO auth_permission VALUES(39,10,'delete_taskstep','Can delete task step');
INSERT INTO auth_permission VALUES(40,10,'view_taskstep','Can view task step');
CREATE TABLE IF NOT EXISTS "auth_group" ("id" integer NOT NULL PRIMARY KEY AUTOINCREMENT, "name" varchar(150) NOT NULL UNIQUE);
CREATE TABLE IF NOT EXISTS "auth_user" ("id" integer NOT NULL PRIMARY KEY AUTOINCREMENT, "password" varchar(128) NOT NULL, "last_login" datetime NULL, "is_superuser" bool NOT NULL, "username" varchar(150) NOT NULL UNIQUE, "last_name" varchar(150) NOT NULL, "email" varchar(254) NOT NULL, "is_staff" bool NOT NULL, "is_active" bool NOT NULL, "date_joined" datetime NOT NULL, "first_name" varchar(150) NOT NULL);
INSERT INTO auth_user VALUES(1,'pbkdf2_sha256$1000000$lgQv8D4H71ONofbIXMZgKM$lwGXL9WmKOBjlmw9GTo6/aeR1YEo15gU6tabi4C9c6g=','2026-04-17 10:15:31.436333',1,'harry','','',1,1,'2026-04-17 10:04:37.785618','');
CREATE TABLE IF NOT EXISTS "django_session" ("session_key" varchar(40) NOT NULL PRIMARY KEY, "session_data" text NOT NULL, "expire_date" datetime NOT NULL);
INSERT INTO django_session VALUES('diaeiidnmy25fb2icdzo4l9ihvbw2erg','.eJxVjDsOwjAQBe_iGlle_A0lfc5grXdtHECOFCcV4u4QKQW0b2beS0Tc1hq3npc4sbgIEKffLSE9ctsB37HdZklzW5cpyV2RB-1ynDk_r4f7d1Cx128dzsSoA3obLAP4ZLBAIaMGjUkHS-SNZm29M8Wxsj4HyugIGbgoGMT7A-ZUODE:1wDgEV:aTpiH95D5WIyelJeCcV429BKjBaOu0gascpl5piAZXk','2026-05-01 10:15:31.449547');
CREATE TABLE IF NOT EXISTS "tasks_task" ("id" integer NOT NULL PRIMARY KEY AUTOINCREMENT, "task_code" varchar(20) NOT NULL UNIQUE, "raw_request" text NOT NULL, "intent" varchar(50) NOT NULL, "entities" text NOT NULL CHECK ((JSON_VALID("entities") OR "entities" IS NULL)), "risk_score" integer unsigned NOT NULL CHECK ("risk_score" >= 0), "risk_reason" text NOT NULL, "employee_assignment" varchar(50) NOT NULL, "status" varchar(20) NOT NULL, "created_at" datetime NOT NULL, "updated_at" datetime NOT NULL);
INSERT INTO tasks_task VALUES(1,'VNG-527E1771','Please send KES 42,000 to my sister in Nakuru by this evening for school fees.','send_money','{"amount": "KES 42,000", "recipient": "sister", "location": "Nakuru", "urgency": "evening", "document_type": "", "service_type": "", "schedule": "", "task_code": ""}',40,'Money transfer requests carry moderate operational risk.','finance','completed','2026-04-17 10:05:24.706126','2026-04-17 10:07:30.725534');
INSERT INTO tasks_task VALUES(2,'VNG-033BC962','I need to send KES 15,000 to my mother in Kisumu urgently.','send_money','{"amount": "KES 15,000", "recipient": "mother", "location": "Kisumu", "urgency": "urgent", "document_type": "", "service_type": "", "schedule": "", "task_code": ""}',75,'Money transfer requests carry moderate operational risk. Higher transfer amount increases financial risk. Urgent requests increase fraud risk.','finance','pending','2026-04-17 10:06:02.339537','2026-04-17 10:06:02.339656');
INSERT INTO tasks_task VALUES(3,'VNG-8674E43B','I need a trusted plumber in Syokimau tomorrow morning to fix a leaking kitchen pipe.','hire_service','{"amount": "", "recipient": "", "location": "Syokimau", "urgency": "tomorrow morning", "document_type": "", "service_type": "plumber", "schedule": "tomorrow morning", "task_code": ""}',35,'Service hiring has moderate coordination risk.','operations','in_progress','2026-04-17 10:06:38.164653','2026-04-17 10:07:28.364923');
INSERT INTO tasks_task VALUES(4,'VNG-2553B1DC','Please verify my land title deed for the plot in Karen.','verify_document','{"amount": "", "recipient": "", "location": "Karen", "urgency": "", "document_type": "land title deed", "service_type": "", "schedule": "", "task_code": ""}',75,'Document verification has elevated fraud and legal risk. Land ownership documents require deeper legal and registry checks.','legal','pending','2026-04-17 10:07:13.092226','2026-04-17 10:07:13.092377');
INSERT INTO tasks_task VALUES(5,'VNG-38C99B44','Please arrange a vetted errand runner in Rongai to deliver medicine to my uncle this afternoon.','hire_service','{"amount": "", "recipient": "uncle", "location": "Rongai", "urgency": "this afternoon", "document_type": "", "service_type": "errand runner", "schedule": "this afternoon", "task_code": ""}',35,'Service hiring has moderate coordination risk.','operations','pending','2026-04-17 10:07:57.744096','2026-04-17 10:07:57.744214');
INSERT INTO tasks_task VALUES(6,'VNG-BDDFF6FB','Can someone clean my apartment in Westlands on Friday?','hire_service','{"amount": "", "recipient": "", "location": "Westlands", "urgency": "normal", "document_type": "", "service_type": "cleaning", "schedule": "Friday", "task_code": ""}',35,'Service hiring has moderate coordination risk.','operations','pending','2026-04-17 10:08:52.130229','2026-04-17 10:08:52.130401');
INSERT INTO tasks_task VALUES(7,'VNG-E40376C8','I need a lawyer in Kisumu to review a family inheritance agreement before Monday.','hire_service','{"amount": "", "recipient": "", "location": "Kisumu", "urgency": "before Monday", "document_type": "family inheritance agreement", "service_type": "lawyer", "schedule": "before Monday", "task_code": ""}',45,'Service hiring has moderate coordination risk. Legal service requests need higher trust and verification.','operations','pending','2026-04-17 10:09:25.153485','2026-04-17 10:09:25.153722');
INSERT INTO tasks_task VALUES(8,'VNG-AF068E4F','Please arrange an airport pickup for my aunt landing at JKIA tomorrow at 8:30 PM.','get_airport_transfer','{"amount": "", "recipient": "aunt", "location": "JKIA", "urgency": "normal", "document_type": "", "service_type": "", "schedule": "tomorrow at 8:30 PM", "task_code": ""}',30,'Airport transfer requests have relatively lower operational risk.','operations','pending','2026-04-17 10:10:10.204192','2026-04-17 10:10:10.204399');
INSERT INTO tasks_task VALUES(9,'VNG-FA326D3D','Please verify my late father’s death certificate and national ID copies for a succession case in Meru.','verify_document','{"amount": "", "recipient": "", "location": "Meru", "urgency": "", "document_type": "death certificate, national ID copies", "service_type": "", "schedule": "", "task_code": ""}',55,'Document verification has elevated fraud and legal risk.','legal','pending','2026-04-17 10:10:46.349631','2026-04-17 10:10:46.350310');
INSERT INTO tasks_task VALUES(10,'VNG-B809CAB4','What is the status of task code VNG-527E1771?','check_status','{"amount": "", "recipient": "", "location": "", "urgency": "", "document_type": "", "service_type": "", "schedule": "", "task_code": "VNG-527E1771"}',25,'Status checks are low-risk.','customer_support','pending','2026-04-17 10:11:38.819986','2026-04-17 10:11:38.820123');
INSERT INTO tasks_task VALUES(11,'VNG-C790B7C4','I want to send KES 120,000 to my contractor in Eldoret urgently for roofing materials.','send_money','{"amount": "120000", "recipient": "contractor", "location": "Eldoret", "urgency": "urgent", "document_type": "", "service_type": "", "schedule": "", "task_code": ""}',75,'Money transfer requests carry moderate operational risk. Higher transfer amount increases financial risk. Urgent requests increase fraud risk.','finance','pending','2026-04-17 10:12:22.166557','2026-04-17 10:12:22.166656');
INSERT INTO tasks_task VALUES(12,'VNG-F6B4CDA7','Can you find a cleaner and laundry helper for my parents’ house in Karen this Saturday morning?','hire_service','{"amount": "", "recipient": "parents", "location": "Karen", "urgency": "Saturday morning", "document_type": "", "service_type": "cleaner and laundry helper", "schedule": "Saturday morning", "task_code": ""}',35,'Service hiring has moderate coordination risk.','operations','pending','2026-04-17 10:13:08.980094','2026-04-17 10:13:08.980284');
INSERT INTO tasks_task VALUES(13,'VNG-8C9C07B1','Please arrange a driver to pick up my parcel from JKIA cargo and deliver it to my aunt in Thika by 6 PM.','hire_service','{"amount": "", "recipient": "aunt", "location": "JKIA cargo to Thika", "urgency": "high", "document_type": "", "service_type": "parcel delivery", "schedule": "by 6 PM", "task_code": ""}',35,'Service hiring has moderate coordination risk.','operations','pending','2026-04-17 10:13:46.800999','2026-04-17 10:13:46.801111');
INSERT INTO tasks_task VALUES(14,'VNG-36DDC106','I need a licensed surveyor in Ruiru to help verify boundary documents for a family plot.','hire_service','{"amount": "", "recipient": "", "location": "Ruiru", "urgency": "", "document_type": "boundary documents", "service_type": "surveyor", "schedule": "", "task_code": ""}',35,'Service hiring has moderate coordination risk.','operations','pending','2026-04-17 10:14:20.708829','2026-04-17 10:14:20.708951');
INSERT INTO tasks_task VALUES(16,'VNG-1BC67CA0','Please check the status of task code VNG-8674E43B and let me know its current stage.','check_status','{"amount": "", "recipient": "", "location": "", "urgency": "", "document_type": "", "service_type": "", "schedule": "", "task_code": "VNG-8674E43B"}',25,'Status checks are low-risk.','customer_support','pending','2026-04-17 10:16:54.619669','2026-04-17 10:16:54.619781');
CREATE TABLE IF NOT EXISTS "tasks_statushistory" ("id" integer NOT NULL PRIMARY KEY AUTOINCREMENT, "old_status" varchar(20) NOT NULL, "new_status" varchar(20) NOT NULL, "changed_at" datetime NOT NULL, "task_id" bigint NOT NULL REFERENCES "tasks_task" ("id") DEFERRABLE INITIALLY DEFERRED);
INSERT INTO tasks_statushistory VALUES(1,'','pending','2026-04-17 10:05:24.728345',1);
INSERT INTO tasks_statushistory VALUES(2,'','pending','2026-04-17 10:06:02.355060',2);
INSERT INTO tasks_statushistory VALUES(3,'','pending','2026-04-17 10:06:38.182203',3);
INSERT INTO tasks_statushistory VALUES(4,'','pending','2026-04-17 10:07:13.109054',4);
INSERT INTO tasks_statushistory VALUES(5,'pending','in_progress','2026-04-17 10:07:28.381654',3);
INSERT INTO tasks_statushistory VALUES(6,'pending','completed','2026-04-17 10:07:30.746821',1);
INSERT INTO tasks_statushistory VALUES(7,'','pending','2026-04-17 10:07:57.761156',5);
INSERT INTO tasks_statushistory VALUES(8,'','pending','2026-04-17 10:08:52.146099',6);
INSERT INTO tasks_statushistory VALUES(9,'','pending','2026-04-17 10:09:25.170331',7);
INSERT INTO tasks_statushistory VALUES(10,'','pending','2026-04-17 10:10:10.227650',8);
INSERT INTO tasks_statushistory VALUES(11,'','pending','2026-04-17 10:10:46.383672',9);
INSERT INTO tasks_statushistory VALUES(12,'','pending','2026-04-17 10:11:38.836449',10);
INSERT INTO tasks_statushistory VALUES(13,'','pending','2026-04-17 10:12:22.180716',11);
INSERT INTO tasks_statushistory VALUES(14,'','pending','2026-04-17 10:13:09.018136',12);
INSERT INTO tasks_statushistory VALUES(15,'','pending','2026-04-17 10:13:46.815550',13);
INSERT INTO tasks_statushistory VALUES(16,'','pending','2026-04-17 10:14:20.725410',14);
INSERT INTO tasks_statushistory VALUES(18,'','pending','2026-04-17 10:16:54.632133',16);
CREATE TABLE IF NOT EXISTS "tasks_taskmessage" ("id" integer NOT NULL PRIMARY KEY AUTOINCREMENT, "channel" varchar(20) NOT NULL, "content" text NOT NULL, "created_at" datetime NOT NULL, "task_id" bigint NOT NULL REFERENCES "tasks_task" ("id") DEFERRABLE INITIALLY DEFERRED);
INSERT INTO tasks_taskmessage VALUES(1,'whatsapp','Hi! We have received your request to send KES 42,000 to your sister in Nakuru by this evening. Your request (VNG-527E1771) is being processed. We''ll update you shortly.','2026-04-17 10:05:26.918252',1);
INSERT INTO tasks_taskmessage VALUES(2,'email',replace('Subject: Request to Transfer KES 42,000 – Task VNG-527E1771\n\nDear Customer,\n\nThank you for contacting Vunoh Global. We have received your request to transfer KES 42,000 to your sister in Nakuru by this evening. Your request is currently being processed under task code VNG-527E1771. We will notify you once the transfer is completed.\n\nIf you have any questions, please contact us.\n\nBest regards,\nVunoh Global','\n',char(10)),'2026-04-17 10:05:26.933624',1);
INSERT INTO tasks_taskmessage VALUES(3,'sms','Your request to send KES 42,000 to your sister in Nakuru by this evening (Task VNG-527E1771) is being processed. Vunoh Global.','2026-04-17 10:05:26.954298',1);
INSERT INTO tasks_taskmessage VALUES(4,'whatsapp','Hi! We have received your request to send KES 15,000 to your mother in Kisumu. Your request (VNG-033BC962) is being processed. We’ll keep you updated.','2026-04-17 10:06:04.345073',2);
INSERT INTO tasks_taskmessage VALUES(5,'email',replace('Subject: Vunoh Global – Request to Send KES 15,000 to Mother in Kisumu (VNG-033BC962)\n\nDear Customer,\n\nWe have received your request to transfer KES 15,000 to your mother in Kisumu. Your request (VNG-033BC962) is currently being processed by our finance team. We will notify you once the transfer is completed.\n\nThank you for choosing Vunoh Global.\n\nBest regards,\nVunoh Global Support','\n',char(10)),'2026-04-17 10:06:04.359885',2);
INSERT INTO tasks_taskmessage VALUES(6,'sms','Your request to send KES 15,000 to your mother in Kisumu (VNG-033BC962) is being processed. We’ll update you soon. – Vunoh Global','2026-04-17 10:06:04.370856',2);
INSERT INTO tasks_taskmessage VALUES(7,'whatsapp','Hi! We have received your request for a plumber in Syokimau tomorrow morning (Task: VNG-8674E43B). Our operations team is processing it and will update you shortly.','2026-04-17 10:06:40.571464',3);
INSERT INTO tasks_taskmessage VALUES(8,'email',replace('Subject: Request for Plumber Service – Task VNG-8674E43B\n\nDear Customer,\n\nThank you for contacting Vunoh Global. We have received your request for a trusted plumber in Syokimau scheduled for tomorrow morning. Your task code is VNG-8674E43B. Our operations team is currently processing your request and will keep you updated. If you have any additional information or changes, please let us know.\n\nBest regards,\nVunoh Global Support','\n',char(10)),'2026-04-17 10:06:40.584131',3);
INSERT INTO tasks_taskmessage VALUES(9,'sms','Vunoh Global: Your plumber request (Task VNG-8674E43B) is received and being processed. We will update you soon.','2026-04-17 10:06:40.597507',3);
INSERT INTO tasks_taskmessage VALUES(10,'whatsapp','Hi, we’ve received your request to verify the land title deed for your plot in Karen. Our legal team is reviewing it. Task code: VNG-2553B1DC. We’ll keep you posted.','2026-04-17 10:07:15.094323',4);
INSERT INTO tasks_taskmessage VALUES(11,'email',replace('Dear Customer,\n\nWe have received your request to verify your land title deed for the plot in Karen. Your request is being processed by our legal team.\n\nTask code: VNG-2553B1DC\n\nThank you for choosing Vunoh Global.\n\nBest regards,\nVunoh Global Support Team','\n',char(10)),'2026-04-17 10:07:15.107962',4);
INSERT INTO tasks_taskmessage VALUES(12,'sms','Vunoh Global: Your land title deed verification request (Task VNG-2553B1DC) is being processed. We’ll update you soon.','2026-04-17 10:07:15.116816',4);
INSERT INTO tasks_taskmessage VALUES(13,'whatsapp','Hi! We’ve received your request to arrange an errand runner in Rongai for your uncle this afternoon. Your task code is VNG-38C99B44. We’re on it!','2026-04-17 10:08:00.353600',5);
INSERT INTO tasks_taskmessage VALUES(14,'email',replace('Subject: Request Confirmation – VNG-38C99B44\n\nDear Customer,\n\nThank you for contacting Vunoh Global. We have received your request to hire an errand runner in Rongai to deliver medicine to your uncle this afternoon. Your task code is VNG-38C99B44. Our operations team is processing your request and will keep you updated.\n\nBest regards,\nVunoh Global','\n',char(10)),'2026-04-17 10:08:00.367618',5);
INSERT INTO tasks_taskmessage VALUES(15,'sms','Vunoh Global: Your errand runner request (VNG-38C99B44) for your uncle in Rongai this afternoon is being processed.','2026-04-17 10:08:00.382483',5);
INSERT INTO tasks_taskmessage VALUES(16,'whatsapp','Hi! We’ve received your cleaning request for Westlands on Friday. Your task code is VNG-BDDFF6FB. We’re on it and will update you soon. Thanks!','2026-04-17 10:08:54.948158',6);
INSERT INTO tasks_taskmessage VALUES(17,'email',replace('Subject: Request for Cleaning Service – Task VNG-BDDFF6FB\n\nDear Vunoh Global Team,\n\nWe have received your request for a cleaning service in Westlands scheduled for Friday. Your task code is VNG-BDDFF6FB. Our operations team is currently processing your request. We will update you once a service provider is assigned.\n\nThank you for choosing Vunoh Global.\n\nBest regards,\nVunoh Global Support','\n',char(10)),'2026-04-17 10:08:54.963054',6);
INSERT INTO tasks_taskmessage VALUES(18,'sms','Your cleaning request (Westlands, Friday) is received. Task: VNG-BDDFF6FB. We’ll update you soon. – Vunoh Global','2026-04-17 10:08:54.977982',6);
INSERT INTO tasks_taskmessage VALUES(19,'whatsapp','Hi! We’ve received your request for a lawyer in Kisumu to review a family inheritance agreement before Monday. Your task code is VNG-E40376C8. We’ll update you soon.','2026-04-17 10:09:27.155577',7);
INSERT INTO tasks_taskmessage VALUES(20,'email',replace('Subject: Vunoh Global – Request for Lawyer Service (Task VNG-E40376C8)\n\nDear Customer,\n\nThank you for contacting Vunoh Global. We have received your request for a lawyer in Kisumu to review a family inheritance agreement before Monday. Your task code is VNG-E40376C8. Our operations team is currently processing your request and will keep you updated on the status.\n\nIf you have any additional information or documents to provide, please reply to this email.\n\nBest regards,\nVunoh Global Support','\n',char(10)),'2026-04-17 10:09:27.170250',7);
INSERT INTO tasks_taskmessage VALUES(21,'sms','Vunoh Global: Your lawyer request (Task VNG-E40376C8) for reviewing a family inheritance agreement in Kisumu before Monday is received. We’ll update you soon.','2026-04-17 10:09:27.181789',7);
INSERT INTO tasks_taskmessage VALUES(22,'whatsapp','Hi! We’ve received your request for an airport pickup for your aunt at JKIA tomorrow at 8:30 PM. Your task code is VNG-AF068E4F. We’re on it!','2026-04-17 10:10:13.155871',8);
INSERT INTO tasks_taskmessage VALUES(23,'email',replace('Dear Customer,\n\nThank you for contacting Vunoh Global. We have received your request to arrange an airport transfer for your aunt to JKIA scheduled for tomorrow at 8:30 PM. Your task code is VNG-AF068E4F. Our operations team is processing this request and will update you shortly.\n\nIf you have any further questions, please let us know.\n\nBest regards,\nVunoh Global Team','\n',char(10)),'2026-04-17 10:10:13.169884',8);
INSERT INTO tasks_taskmessage VALUES(24,'sms','Vunoh Global: Your airport transfer request (task VNG-AF068E4F) for your aunt at JKIA tomorrow 8:30 PM is being processed.','2026-04-17 10:10:13.180584',8);
INSERT INTO tasks_taskmessage VALUES(25,'whatsapp','Hi, we have received your request to verify your late father’s death certificate and national ID copies for the succession case in Meru. Your request (VNG-FA326D3D) is being processed. We’ll keep you updated.','2026-04-17 10:10:48.839991',9);
INSERT INTO tasks_taskmessage VALUES(26,'email',replace('Subject: Verification of Documents – Task VNG-FA326D3D\n\nDear Customer,\n\nThank you for contacting Vunoh Global. We have received your request to verify the death certificate and national ID copies of your late father for the succession case in Meru. Your request (Task Code: VNG-FA326D3D) is currently being processed by our legal team. We will notify you once the verification is complete.\n\nIf you have any further questions, please feel free to reply to this email.\n\nBest regards,\nVunoh Global Support Team','\n',char(10)),'2026-04-17 10:10:48.857464',9);
INSERT INTO tasks_taskmessage VALUES(27,'sms','Vunoh Global: Your document verification request (VNG-FA326D3D) for Meru is being processed. We’ll update you soon.','2026-04-17 10:10:48.875199',9);
INSERT INTO tasks_taskmessage VALUES(28,'whatsapp','Hi! Task VNG-527E1771 is currently Completed. We’ll notify you when the status changes.','2026-04-17 10:11:38.878631',10);
INSERT INTO tasks_taskmessage VALUES(29,'email',replace('Dear Customer,\n\nThank you for checking the status of task VNG-527E1771.\nCurrent status: Completed.\n\nWe will notify you if there are any changes.\n\nBest regards,\nVunoh Global Customer Support','\n',char(10)),'2026-04-17 10:11:38.892576',10);
INSERT INTO tasks_taskmessage VALUES(30,'sms','Task VNG-527E1771 status: Completed.','2026-04-17 10:11:38.905277',10);
INSERT INTO tasks_taskmessage VALUES(31,'whatsapp','Hi, we have received your request to send KES 120,000 to your contractor in Eldoret. Your request (VNG-C790B7C4) is being processed and will be handled urgently.','2026-04-17 10:12:23.929988',11);
INSERT INTO tasks_taskmessage VALUES(32,'email',replace('Subject: Request to Send Money – Task VNG-C790B7C4\n\nDear Customer,\n\nWe have received your request to transfer KES 120,000 to your contractor in Eldoret. The transaction is being processed with urgency. We will keep you updated on the progress.\n\nThank you for choosing Vunoh Global.\n\nBest regards,\nVunoh Global Finance Team','\n',char(10)),'2026-04-17 10:12:23.947333',11);
INSERT INTO tasks_taskmessage VALUES(33,'sms','Your request to send KES 120,000 to contractor in Eldoret (Task VNG-C790B7C4) is being processed. We will handle it urgently. – Vunoh Global','2026-04-17 10:12:23.958066',11);
INSERT INTO tasks_taskmessage VALUES(34,'whatsapp','Hi! We’ve received your request to find a cleaner and laundry helper for your parents in Karen this Saturday morning. We’re on it and will update you soon. – Vunoh Global','2026-04-17 10:13:11.434284',12);
INSERT INTO tasks_taskmessage VALUES(35,'email',replace('Dear Customer,\n\nThank you for contacting Vunoh Global. We have received your request to hire a cleaner and laundry helper for your parents’ house in Karen on Saturday morning. Your task code is VNG-F6B4CDA7. Our operations team is currently processing your request and will update you shortly.\n\nIf you have any additional information or questions, please let us know.\n\nBest regards,\nVunoh Global','\n',char(10)),'2026-04-17 10:13:11.446159',12);
INSERT INTO tasks_taskmessage VALUES(36,'sms','Vunoh Global: Your request (VNG-F6B4CDA7) to hire a cleaner and laundry helper for your parents in Karen on Saturday morning is being processed.','2026-04-17 10:13:11.455400',12);
INSERT INTO tasks_taskmessage VALUES(37,'whatsapp','Hi! We have received your request to arrange a parcel delivery from JKIA cargo to Thika for your aunt by 6 PM. Your task code is VNG-8C9C07B1. We are processing it and will update you shortly. – Vunoh Global','2026-04-17 10:13:49.269551',13);
INSERT INTO tasks_taskmessage VALUES(38,'email',replace('Subject: Confirmation of Your Parcel Delivery Request – VNG-8C9C07B1\n\nDear Customer,\n\nThank you for choosing Vunoh Global. We have received your request to arrange a parcel delivery from JKIA cargo to Thika for your aunt, scheduled to be delivered by 6 PM. Your task code is VNG-8C9C07B1. Our operations team is currently processing this request. We will keep you informed of any updates.\n\nIf you have any questions, please contact us.\n\nBest regards,\nVunoh Global','\n',char(10)),'2026-04-17 10:13:49.281759',13);
INSERT INTO tasks_taskmessage VALUES(39,'sms','Vunoh Global: Your parcel delivery request (VNG-8C9C07B1) from JKIA cargo to Thika by 6 PM is being processed. We will update you soon.','2026-04-17 10:13:49.291426',13);
INSERT INTO tasks_taskmessage VALUES(40,'whatsapp','Hi! We have received your request to hire a licensed surveyor in Ruiru for boundary documents (Task: VNG-36DDC106). Your request is being processed. We’ll update you soon.','2026-04-17 10:14:22.999434',14);
INSERT INTO tasks_taskmessage VALUES(41,'email',replace('Subject: Request for Surveyor Service – Task VNG-36DDC106\n\nDear Customer,\n\nWe have received your request to hire a licensed surveyor in Ruiru to verify boundary documents. Your request (Task code: VNG-36DDC106) is currently being processed by our operations team. We will keep you updated.\n\nThank you.\n\nRegards,\nVunoh Global','\n',char(10)),'2026-04-17 10:14:23.013267',14);
INSERT INTO tasks_taskmessage VALUES(42,'sms','Your request for a licensed surveyor in Ruiru (Task VNG-36DDC106) is being processed. We’ll update you soon. – Vunoh Global','2026-04-17 10:14:23.025542',14);
INSERT INTO tasks_taskmessage VALUES(46,'whatsapp','Hi! Task VNG-8674E43B is currently In Progress. We’ll notify you when the status changes.','2026-04-17 10:16:54.669618',16);
INSERT INTO tasks_taskmessage VALUES(47,'email',replace('Dear Customer,\n\nThank you for checking the status of task VNG-8674E43B.\nCurrent status: In Progress.\n\nWe will notify you if there are any changes.\n\nBest regards,\nVunoh Global Customer Support','\n',char(10)),'2026-04-17 10:16:54.680668',16);
INSERT INTO tasks_taskmessage VALUES(48,'sms','Task VNG-8674E43B status: In Progress.','2026-04-17 10:16:54.689121',16);
CREATE TABLE IF NOT EXISTS "tasks_taskstep" ("id" integer NOT NULL PRIMARY KEY AUTOINCREMENT, "step_number" integer unsigned NOT NULL CHECK ("step_number" >= 0), "description" text NOT NULL, "is_completed" bool NOT NULL, "task_id" bigint NOT NULL REFERENCES "tasks_task" ("id") DEFERRABLE INITIALLY DEFERRED);
INSERT INTO tasks_taskstep VALUES(1,1,'Verify the recipient’s account details and confirm the transfer amount and currency.',0,1);
INSERT INTO tasks_taskstep VALUES(2,2,'Confirm the transfer deadline and ensure the funds will reach the recipient by the requested evening.',0,1);
INSERT INTO tasks_taskstep VALUES(3,3,'Initiate the money transfer and provide the customer with a confirmation code and estimated arrival time.',0,1);
INSERT INTO tasks_taskstep VALUES(4,1,'Verify recipient''s mobile number and account details',0,2);
INSERT INTO tasks_taskstep VALUES(5,2,'Initiate transfer through the platform''s money transfer service',0,2);
INSERT INTO tasks_taskstep VALUES(6,3,'Confirm transaction and provide receipt to the customer',0,2);
INSERT INTO tasks_taskstep VALUES(7,1,'Identify a reputable plumber in Syokimau with positive reviews',0,3);
INSERT INTO tasks_taskstep VALUES(8,2,'Verify the plumber’s credentials and insurance coverage',0,3);
INSERT INTO tasks_taskstep VALUES(9,3,'Schedule the appointment for tomorrow morning and confirm the arrival time',0,3);
INSERT INTO tasks_taskstep VALUES(10,1,'Collect the original land title deed and any supporting documents such as survey plans.',0,4);
INSERT INTO tasks_taskstep VALUES(11,2,'Submit the documents through the platform’s verification portal and confirm the submission receipt.',0,4);
INSERT INTO tasks_taskstep VALUES(12,3,'Receive the verification outcome and any required follow‑up actions via the platform’s notification system.',0,4);
INSERT INTO tasks_taskstep VALUES(13,1,'Confirm availability of a vetted errand runner in Rongai',0,5);
INSERT INTO tasks_taskstep VALUES(14,2,'Assign the errand runner to deliver medicine to the uncle and provide pickup/drop-off details',0,5);
INSERT INTO tasks_taskstep VALUES(15,3,'Notify the user of the scheduled delivery and confirm completion',0,5);
INSERT INTO tasks_taskstep VALUES(16,1,'Identify local cleaning providers in Westlands and verify their credentials',0,6);
INSERT INTO tasks_taskstep VALUES(17,2,'Request quotes and confirm availability for the requested Friday appointment',0,6);
INSERT INTO tasks_taskstep VALUES(18,3,'Finalize booking, provide payment details, and share apartment address and any special cleaning instructions',0,6);
INSERT INTO tasks_taskstep VALUES(19,1,'Identify and shortlist qualified lawyers in Kisumu with experience in inheritance law.',0,7);
INSERT INTO tasks_taskstep VALUES(20,2,'Contact the selected lawyer to schedule a consultation before Monday.',0,7);
INSERT INTO tasks_taskstep VALUES(21,3,'Provide the family inheritance agreement to the lawyer for review and obtain feedback.',0,7);
INSERT INTO tasks_taskstep VALUES(22,1,'Confirm pickup details with the customer and verify the exact arrival time and location at JKIA.',0,8);
INSERT INTO tasks_taskstep VALUES(23,2,'Book a reliable local transfer service and assign a driver with a confirmed pickup window.',0,8);
INSERT INTO tasks_taskstep VALUES(24,3,'Send the customer a confirmation message with driver details, contact number, and estimated arrival time.',0,8);
INSERT INTO tasks_taskstep VALUES(25,1,'Verify the authenticity of the death certificate with the local registry office.',0,9);
INSERT INTO tasks_taskstep VALUES(26,2,'Verify the authenticity of the national ID copies with the relevant authority.',0,9);
INSERT INTO tasks_taskstep VALUES(27,3,'Compile verification reports for the succession case.',0,9);
INSERT INTO tasks_taskstep VALUES(28,1,'Retrieve the task record associated with task code VNG-527E1771 from the system database.',0,10);
INSERT INTO tasks_taskstep VALUES(29,2,'Verify that the task exists and fetch its current status and any relevant details.',0,10);
INSERT INTO tasks_taskstep VALUES(30,3,'Communicate the status back to the customer in a clear and concise manner.',0,10);
INSERT INTO tasks_taskstep VALUES(31,1,'Verify contractor''s account details and contact information.',0,11);
INSERT INTO tasks_taskstep VALUES(32,2,'Confirm the transfer amount of KES 120,000 and ensure sufficient balance.',0,11);
INSERT INTO tasks_taskstep VALUES(33,3,'Execute the transfer through the platform and provide the transaction reference to the customer.',0,11);
INSERT INTO tasks_taskstep VALUES(34,1,'Identify local cleaning and laundry service providers in Karen',0,12);
INSERT INTO tasks_taskstep VALUES(35,2,'Verify availability and confirm booking for Saturday morning',0,12);
INSERT INTO tasks_taskstep VALUES(36,3,'Provide parents with service details and contact information',0,12);
INSERT INTO tasks_taskstep VALUES(37,1,'Confirm pickup details with customer',0,13);
INSERT INTO tasks_taskstep VALUES(38,2,'Assign driver and provide tracking info',0,13);
INSERT INTO tasks_taskstep VALUES(39,3,'Ensure delivery to aunt in Thika by 6 PM',0,13);
INSERT INTO tasks_taskstep VALUES(40,1,'Identify licensed surveyor in Ruiru',0,14);
INSERT INTO tasks_taskstep VALUES(41,2,'Schedule appointment with surveyor',0,14);
INSERT INTO tasks_taskstep VALUES(42,3,'Provide boundary documents for verification',0,14);
INSERT INTO tasks_taskstep VALUES(46,1,'Retrieve the task record using the provided task code from the system database.',0,16);
INSERT INTO tasks_taskstep VALUES(47,2,'Extract the current status and any relevant progress details from the task record.',0,16);
INSERT INTO tasks_taskstep VALUES(48,3,'Compose a concise response to the user indicating the task’s current stage and any next steps.',0,16);
DELETE FROM sqlite_sequence;
INSERT INTO sqlite_sequence VALUES('django_migrations',19);
INSERT INTO sqlite_sequence VALUES('django_admin_log',1);
INSERT INTO sqlite_sequence VALUES('django_content_type',10);
INSERT INTO sqlite_sequence VALUES('auth_permission',40);
INSERT INTO sqlite_sequence VALUES('auth_group',0);
INSERT INTO sqlite_sequence VALUES('auth_user',1);
INSERT INTO sqlite_sequence VALUES('tasks_task',16);
INSERT INTO sqlite_sequence VALUES('tasks_statushistory',18);
INSERT INTO sqlite_sequence VALUES('tasks_taskstep',48);
INSERT INTO sqlite_sequence VALUES('tasks_taskmessage',48);
CREATE UNIQUE INDEX "auth_group_permissions_group_id_permission_id_0cd325b0_uniq" ON "auth_group_permissions" ("group_id", "permission_id");
CREATE INDEX "auth_group_permissions_group_id_b120cbf9" ON "auth_group_permissions" ("group_id");
CREATE INDEX "auth_group_permissions_permission_id_84c5c92e" ON "auth_group_permissions" ("permission_id");
CREATE UNIQUE INDEX "auth_user_groups_user_id_group_id_94350c0c_uniq" ON "auth_user_groups" ("user_id", "group_id");
CREATE INDEX "auth_user_groups_user_id_6a12ed8b" ON "auth_user_groups" ("user_id");
CREATE INDEX "auth_user_groups_group_id_97559544" ON "auth_user_groups" ("group_id");
CREATE UNIQUE INDEX "auth_user_user_permissions_user_id_permission_id_14a6b632_uniq" ON "auth_user_user_permissions" ("user_id", "permission_id");
CREATE INDEX "auth_user_user_permissions_user_id_a95ead1b" ON "auth_user_user_permissions" ("user_id");
CREATE INDEX "auth_user_user_permissions_permission_id_1fbb5f2c" ON "auth_user_user_permissions" ("permission_id");
CREATE INDEX "django_admin_log_content_type_id_c4bce8eb" ON "django_admin_log" ("content_type_id");
CREATE INDEX "django_admin_log_user_id_c564eba6" ON "django_admin_log" ("user_id");
CREATE UNIQUE INDEX "django_content_type_app_label_model_76bd3d3b_uniq" ON "django_content_type" ("app_label", "model");
CREATE UNIQUE INDEX "auth_permission_content_type_id_codename_01ab375a_uniq" ON "auth_permission" ("content_type_id", "codename");
CREATE INDEX "auth_permission_content_type_id_2f476e4b" ON "auth_permission" ("content_type_id");
CREATE INDEX "django_session_expire_date_a5c62663" ON "django_session" ("expire_date");
CREATE INDEX "tasks_statushistory_task_id_a46573ca" ON "tasks_statushistory" ("task_id");
CREATE UNIQUE INDEX "tasks_taskmessage_task_id_channel_1dd1340d_uniq" ON "tasks_taskmessage" ("task_id", "channel");
CREATE INDEX "tasks_taskmessage_task_id_93ac4d40" ON "tasks_taskmessage" ("task_id");
CREATE UNIQUE INDEX "tasks_taskstep_task_id_step_number_83059173_uniq" ON "tasks_taskstep" ("task_id", "step_number");
CREATE INDEX "tasks_taskstep_task_id_0369112b" ON "tasks_taskstep" ("task_id");
COMMIT;
